{
  "best_model": "rf",
  "accuracies": {
    "rf": 0.7143,
    "adaboost": 0.3571,
    "gb": 0.6667
  },
  "f1_scores": {
    "rf": 0.6842,
    "adaboost": 0.3919,
    "gb": 0.6363
  },
  "train_times": {
    "rf": 0.68,
    "adaboost": 1.53,
    "gb": 46.11
  },
  "classes": [
    "Aviation",
    "Cyclone",
    "Earthquake",
    "Epidemic",
    "Fire",
    "Flood",
    "Other",
    "Rail",
    "Stampede"
  ],
  "priority_map": {
    "3": "High",
    "0": "Medium-High",
    "1": "Medium-Low",
    "2": "Low"
  },
  "elbow_inertias": [
    186.26051131602702,
    181.63846143005225,
    178.48247089057497,
    176.8648092555631,
    174.28276374079343,
    172.77058125179298,
    170.56249739940188,
    168.79682435196293,
    166.63524250016425
  ],
  "elbow_k_range": [
    2,
    3,
    4,
    5,
    6,
    7,
    8,
    9,
    10
  ],
  "n_records": 207,
  "trained_at": "2026-03-10T21:35:40.800012"
}